timestamp,plot_id,temperature,humidity,moisture,source
7/20/2025,1,24.92,58.95,40.18,synthetic_baseline
7/23/2025,2,24.57,73.82,36.25,synthetic_baseline
7/3/2025,3,22.63,57.16,33.79,synthetic_baseline
12/24/2024,1,21.26,72.29,34.09,synthetic_baseline
7/14/2025,2,25.29,65.42,31.13,synthetic_baseline
10/10/2025,3,22.51,58.81,34.93,synthetic_baseline
5/31/2025,1,20.23,72.38,40.66,synthetic_baseline
10/26/2025,2,22.12,73.55,32.38,synthetic_baseline
2/20/2025,3,23.04,72.42,30.82,synthetic_baseline
9/12/2025,1,23.96,70.04,36.09,synthetic_baseline
11/12/2025,2,21.18,71.3,30.02,synthetic_baseline
3/10/2025,3,25.97,59.96,30.29,synthetic_baseline
10/6/2025,1,25.21,60.54,31.08,synthetic_baseline
9/28/2025,2,20.3,55.64,32.67,synthetic_baseline
3/28/2025,3,20.35,63.5,43.39,synthetic_baseline
3/21/2025,1,21.61,56.43,40.66,synthetic_baseline
2/5/2025,2,22.93,67.73,31.55,synthetic_baseline
6/4/2025,3,21.27,55.84,35.51,synthetic_baseline
10/25/2025,1,23.62,60.96,41.91,synthetic_baseline
12/6/2025,2,25.94,74.62,43.67,synthetic_baseline
5/14/2025,3,23.36,57.84,41.45,synthetic_baseline
8/4/2025,1,25.77,59.81,43.76,synthetic_baseline
7/10/2025,2,22.17,58.45,30.6,synthetic_baseline
4/28/2025,3,24.34,73.55,44.13,synthetic_baseline
6/28/2025,1,25.59,71.03,31.35,synthetic_baseline
3/30/2025,2,20.4,74.12,42.2,synthetic_baseline
12/5/2025,3,22.22,57.77,34.88,synthetic_baseline
7/26/2025,1,23.59,58.87,44.54,synthetic_baseline
11/23/2025,2,21.66,62.7,43.16,synthetic_baseline
3/27/2025,3,24.74,69.66,35.48,synthetic_baseline
12/1/2025,1,24.34,71.76,32.96,synthetic_baseline
10/20/2025,2,20.66,58.99,41.56,synthetic_baseline
1/16/2025,3,25.51,66.17,38.74,synthetic_baseline
8/3/2025,1,20.31,61.13,35.43,synthetic_baseline
12/26/2024,2,21.34,61.22,39.67,synthetic_baseline
12/28/2024,3,21.66,71.16,30.99,synthetic_baseline
11/29/2025,1,21.83,65.84,43.75,synthetic_baseline
7/28/2025,2,25.79,74.26,41.77,synthetic_baseline
2/22/2025,3,20.97,71.13,38.11,synthetic_baseline
1/24/2025,1,24.23,61.36,42.51,synthetic_baseline
5/28/2025,2,23.61,57.17,42.73,synthetic_baseline
3/9/2025,3,24.04,63.96,39.24,synthetic_baseline
7/18/2025,1,20.2,58.24,31.02,synthetic_baseline
2/12/2025,2,21.46,61.87,37.69,synthetic_baseline
4/19/2025,3,24.5,64.75,41.86,synthetic_baseline
6/13/2025,1,24.24,68.53,40.57,synthetic_baseline
6/10/2025,2,22.95,58.52,37.81,synthetic_baseline
7/24/2025,3,22.65,60.05,40.37,synthetic_baseline
5/30/2025,1,23.77,62.7,40.3,synthetic_baseline
1/1/2025,2,24.1,70.09,34.55,synthetic_baseline
6/6/2025,3,21.27,72.34,33.75,synthetic_baseline
11/7/2025,1,20.88,71.26,41.23,synthetic_baseline
10/26/2025,2,22.01,71.54,31.68,synthetic_baseline
7/5/2025,3,20.49,56.3,34.02,synthetic_baseline
5/17/2025,1,20.36,56.47,30.41,synthetic_baseline
1/6/2025,2,20.32,73.98,36.99,synthetic_baseline
10/20/2025,3,24.28,66.82,30.18,synthetic_baseline
10/8/2025,1,22.4,72.49,33.49,synthetic_baseline
8/11/2025,2,22.02,69.4,39.25,synthetic_baseline
3/12/2025,3,24.08,57.32,40.34,synthetic_baseline
11/28/2025,1,25.38,59.43,35.17,synthetic_baseline
10/5/2025,2,22.52,63.39,34.27,synthetic_baseline
5/12/2025,3,25.01,73.87,38.26,synthetic_baseline
8/5/2025,1,24.47,56.1,40.47,synthetic_baseline
2/3/2025,2,21.07,61.86,44.05,synthetic_baseline
4/24/2025,3,23.53,55.64,32.04,synthetic_baseline
10/30/2025,1,22.98,60.92,37.93,synthetic_baseline
11/24/2025,2,20.09,64.97,42.43,synthetic_baseline
11/1/2025,3,23.66,66.3,37.29,synthetic_baseline
12/23/2024,1,26.0,67.27,30.21,synthetic_baseline
8/14/2025,2,23.79,70.16,36.03,synthetic_baseline
12/12/2025,3,21.89,55.24,30.69,synthetic_baseline
7/30/2025,1,22.78,73.98,38.41,synthetic_baseline
2/11/2025,2,21.79,58.68,31.57,synthetic_baseline
2/17/2025,3,24.32,56.65,30.32,synthetic_baseline
1/4/2025,1,20.51,56.6,35.02,synthetic_baseline
10/28/2025,2,23.37,69.45,40.84,synthetic_baseline
12/21/2024,3,20.58,56.01,39.82,synthetic_baseline
1/16/2025,1,25.04,63.42,38.61,synthetic_baseline
8/12/2025,2,23.32,60.81,30.85,synthetic_baseline
8/15/2025,3,23.82,72.34,35.4,synthetic_baseline
10/22/2025,1,23.99,66.84,39.89,synthetic_baseline
9/27/2025,2,24.28,63.75,34.71,synthetic_baseline
8/21/2025,3,25.42,61.5,44.57,synthetic_baseline
8/10/2025,1,21.26,66.12,36.47,synthetic_baseline
3/29/2025,2,22.53,69.16,30.05,synthetic_baseline
8/19/2025,3,23.27,64.64,32.43,synthetic_baseline
8/15/2025,1,24.51,62.53,41.92,synthetic_baseline
6/22/2025,2,23.59,74.29,30.09,synthetic_baseline
3/25/2025,3,25.06,72.16,41.72,synthetic_baseline
3/12/2025,1,24.01,61.89,44.91,synthetic_baseline
11/13/2025,2,25.55,63.09,43.34,synthetic_baseline
6/7/2025,3,21.24,60.15,32.49,synthetic_baseline
9/4/2025,1,24.04,58.89,41.74,synthetic_baseline
12/24/2024,2,22.05,65.91,40.49,synthetic_baseline
3/30/2025,3,21.1,56.29,44.35,synthetic_baseline
11/19/2025,1,24.06,56.94,42.35,synthetic_baseline
2/14/2025,2,22.56,63.9,33.37,synthetic_baseline
2/12/2025,3,22.03,72.39,35.62,synthetic_baseline
11/11/2025,1,25.36,55.44,30.79,synthetic_baseline
10/20/2025,2,24.91,71.19,30.07,synthetic_baseline
1/30/2025,3,22.8,59.14,34.26,synthetic_baseline
6/11/2025,1,20.85,63.21,40.64,synthetic_baseline
4/14/2025,2,21.14,72.63,37.81,synthetic_baseline
4/18/2025,3,20.23,63.76,43.21,synthetic_baseline
12/7/2025,1,24.69,55.43,39.72,synthetic_baseline
6/4/2025,2,25.67,62.06,30.77,synthetic_baseline
7/18/2025,3,24.06,69.9,36.42,synthetic_baseline
8/31/2025,1,20.8,70.8,36.53,synthetic_baseline
12/19/2024,2,22.09,69.85,32.62,synthetic_baseline
2/5/2025,3,24.0,56.56,35.71,synthetic_baseline
5/3/2025,1,21.1,57.37,33.32,synthetic_baseline
1/25/2025,2,21.14,58.65,43.34,synthetic_baseline
3/7/2025,3,23.92,60.48,42.19,synthetic_baseline
12/11/2025,1,24.23,68.67,41.18,synthetic_baseline
5/8/2025,2,23.89,72.88,38.32,synthetic_baseline
1/21/2025,3,25.83,55.81,38.53,synthetic_baseline
5/4/2025,1,20.67,72.29,34.26,synthetic_baseline
9/15/2025,2,23.51,73.3,35.72,synthetic_baseline
8/8/2025,3,20.33,68.78,35.79,synthetic_baseline
2/3/2025,1,22.91,66.04,32.96,synthetic_baseline
9/23/2025,2,24.24,59.68,41.48,synthetic_baseline
11/28/2025,3,25.74,57.72,35.25,synthetic_baseline
5/6/2025,1,24.49,63.57,33.31,synthetic_baseline
5/27/2025,2,22.01,64.58,42.08,synthetic_baseline
4/20/2025,3,22.21,57.72,38.39,synthetic_baseline
12/10/2025,1,20.04,72.5,38.3,synthetic_baseline
5/1/2025,2,22.63,71.03,33.21,synthetic_baseline
6/7/2025,3,21.25,64.58,41.41,synthetic_baseline
11/20/2025,1,23.11,69.71,39.58,synthetic_baseline
2/15/2025,2,25.98,56.26,36.58,synthetic_baseline
8/7/2025,3,20.02,55.01,39.62,synthetic_baseline
7/22/2025,1,23.03,55.1,40.23,synthetic_baseline
9/5/2025,2,22.08,67.2,34.01,synthetic_baseline
11/10/2025,3,24.82,69.88,37.82,synthetic_baseline
5/1/2025,1,25.76,69.29,35.45,synthetic_baseline
11/12/2025,2,24.51,65.42,35.44,synthetic_baseline
7/7/2025,3,20.82,73.78,40.1,synthetic_baseline
8/16/2025,1,23.59,61.85,33.78,synthetic_baseline
1/11/2025,2,25.18,69.77,44.24,synthetic_baseline
8/8/2025,3,20.54,62.29,33.39,synthetic_baseline
4/19/2025,1,20.61,64.21,38.38,synthetic_baseline
8/20/2025,2,20.47,64.84,30.05,synthetic_baseline
7/1/2025,3,25.23,69.31,42.03,synthetic_baseline
3/10/2025,1,20.69,66.55,40.59,synthetic_baseline
1/17/2025,2,23.83,71.94,38.51,synthetic_baseline
4/29/2025,3,24.87,55.16,34.56,synthetic_baseline
6/16/2025,1,24.75,64.67,41.06,synthetic_baseline
12/3/2025,2,20.64,71.41,41.87,synthetic_baseline
3/10/2025,3,23.24,68.87,43.98,synthetic_baseline
2/24/2025,1,22.64,60.55,44.72,synthetic_baseline
6/20/2025,2,25.07,55.07,41.65,synthetic_baseline
5/21/2025,3,22.56,71.85,33.53,synthetic_baseline
10/2/2025,1,22.61,66.39,37.75,synthetic_baseline
9/23/2025,2,22.3,68.31,39.89,synthetic_baseline
5/4/2025,3,21.86,60.45,34.48,synthetic_baseline
1/21/2025,1,24.75,58.82,36.25,synthetic_baseline
11/3/2025,2,25.15,64.49,41.77,synthetic_baseline
1/27/2025,3,20.18,59.49,42.61,synthetic_baseline
4/8/2025,1,24.22,68.77,43.52,synthetic_baseline
2/13/2025,2,22.76,67.31,39.78,synthetic_baseline
4/6/2025,3,20.32,74.91,44.29,synthetic_baseline
12/18/2024,1,23.37,62.76,30.44,synthetic_baseline
8/27/2025,2,22.08,55.11,37.79,synthetic_baseline
5/31/2025,3,25.68,63.31,31.13,synthetic_baseline
10/29/2025,1,20.91,63.9,38.48,synthetic_baseline
8/15/2025,2,23.05,58.42,35.68,synthetic_baseline
9/27/2025,3,23.38,65.14,39.97,synthetic_baseline
8/21/2025,1,21.4,71.82,30.37,synthetic_baseline
5/13/2025,2,20.93,69.82,33.2,synthetic_baseline
10/26/2025,3,22.46,67.69,30.09,synthetic_baseline
4/7/2025,1,25.12,57.22,44.34,synthetic_baseline
5/17/2025,2,24.2,63.3,34.27,synthetic_baseline
10/23/2025,3,24.14,66.38,31.43,synthetic_baseline
1/2/2025,1,25.52,70.55,43.32,synthetic_baseline
2/1/2025,2,21.87,56.34,44.61,synthetic_baseline
12/10/2025,3,21.9,59.87,40.53,synthetic_baseline
10/25/2025,1,22.15,67.19,32.21,synthetic_baseline
3/31/2025,2,21.79,70.9,41.8,synthetic_baseline
5/11/2025,3,23.11,72.06,40.92,synthetic_baseline
7/4/2025,1,24.96,58.96,43.05,synthetic_baseline
5/7/2025,2,24.91,55.65,30.94,synthetic_baseline
7/30/2025,3,24.41,74.47,31.98,synthetic_baseline
8/6/2025,1,20.73,58.33,37.86,synthetic_baseline
8/5/2025,2,20.67,67.33,32.96,synthetic_baseline
1/17/2025,3,24.69,67.05,38.21,synthetic_baseline
5/23/2025,1,25.16,72.15,30.92,synthetic_baseline
10/4/2025,2,20.65,59.55,37.96,synthetic_baseline
2/1/2025,3,20.28,56.46,38.43,synthetic_baseline
1/4/2025,1,22.61,69.35,43.47,synthetic_baseline
11/3/2025,2,21.73,60.1,33.17,synthetic_baseline
7/11/2025,3,23.83,70.06,40.25,synthetic_baseline
5/12/2025,1,25.33,65.86,39.18,synthetic_baseline
1/18/2025,2,22.67,70.06,32.43,synthetic_baseline
8/7/2025,3,20.13,56.11,40.68,synthetic_baseline
12/8/2025,1,22.54,59.83,38.9,synthetic_baseline
9/22/2025,2,23.31,65.06,36.59,synthetic_baseline
11/22/2025,3,25.22,72.47,37.18,synthetic_baseline
12/18/2024,1,22.82,62.09,32.43,synthetic_baseline
10/13/2025,2,24.12,68.16,38.89,synthetic_baseline
6/2/2025,3,20.23,62.63,32.43,synthetic_baseline
11/18/2025,1,25.48,60.82,34.08,synthetic_baseline
5/8/2025,2,22.31,62.66,32.39,synthetic_baseline
3/28/2025,3,25.4,62.89,40.2,synthetic_baseline
10/19/2025,1,25.71,68.01,43.15,synthetic_baseline
3/28/2025,2,24.89,64.68,38.35,synthetic_baseline
10/16/2025,3,20.68,56.98,37.1,synthetic_baseline
11/26/2025,1,25.45,69.55,37.39,synthetic_baseline
10/17/2025,2,23.39,55.87,37.4,synthetic_baseline
6/16/2025,3,24.26,59.05,35.52,synthetic_baseline
10/19/2025,1,21.92,65.7,42.91,synthetic_baseline
2/21/2025,2,25.35,56.59,43.02,synthetic_baseline
3/17/2025,3,25.18,62.92,36.7,synthetic_baseline
5/9/2025,1,21.71,59.94,40.92,synthetic_baseline
10/13/2025,2,21.69,69.07,37.35,synthetic_baseline
10/21/2025,3,25.9,63.12,44.9,synthetic_baseline
1/1/2025,1,25.41,74.0,38.02,synthetic_baseline
4/15/2025,2,20.47,72.46,36.29,synthetic_baseline
3/21/2025,3,21.49,74.44,34.5,synthetic_baseline
12/10/2025,1,21.05,59.88,42.99,synthetic_baseline
3/15/2025,2,23.15,57.89,42.01,synthetic_baseline
8/30/2025,3,22.71,61.3,43.19,synthetic_baseline
7/17/2025,1,21.65,70.97,30.3,synthetic_baseline
12/13/2024,2,22.56,74.07,39.75,synthetic_baseline
3/10/2025,3,24.13,73.85,44.68,synthetic_baseline
3/10/2025,1,21.36,56.13,44.61,synthetic_baseline
3/24/2025,2,25.94,61.39,30.38,synthetic_baseline
6/10/2025,3,21.41,56.71,42.4,synthetic_baseline
1/8/2025,1,25.47,57.99,42.59,synthetic_baseline
4/18/2025,2,20.64,66.49,43.43,synthetic_baseline
11/16/2025,3,25.92,59.55,34.04,synthetic_baseline
5/23/2025,1,21.8,69.24,30.94,synthetic_baseline
9/19/2025,2,23.83,63.77,30.22,synthetic_baseline
12/20/2024,3,20.75,63.13,39.61,synthetic_baseline
9/13/2025,1,21.88,71.71,35.21,synthetic_baseline
12/25/2024,2,22.15,59.94,40.15,synthetic_baseline
4/27/2025,3,23.85,63.33,34.04,synthetic_baseline
12/13/2024,1,25.46,65.49,42.81,synthetic_baseline
7/29/2025,2,23.31,59.14,38.59,synthetic_baseline
11/1/2025,3,22.76,73.22,40.16,synthetic_baseline
2/2/2025,1,25.56,64.02,39.98,synthetic_baseline
1/14/2025,2,23.9,59.1,34.03,synthetic_baseline
2/20/2025,3,24.21,70.88,30.99,synthetic_baseline
1/11/2025,1,22.63,71.08,39.24,synthetic_baseline
5/24/2025,2,21.59,64.23,37.62,synthetic_baseline
9/25/2025,3,24.4,73.83,38.21,synthetic_baseline
2/8/2025,1,25.77,62.55,30.37,synthetic_baseline
2/6/2025,2,21.3,69.85,42.3,synthetic_baseline
5/24/2025,3,25.04,63.9,40.98,synthetic_baseline
6/10/2025,1,23.51,60.47,32.08,synthetic_baseline
5/20/2025,2,25.16,56.7,39.85,synthetic_baseline
5/2/2025,3,22.1,65.34,31.95,synthetic_baseline
5/18/2025,1,21.88,69.8,35.31,synthetic_baseline
11/28/2025,2,24.29,73.02,30.82,synthetic_baseline
5/21/2025,3,24.86,57.05,31.15,synthetic_baseline
2/14/2025,1,21.8,68.3,36.12,synthetic_baseline
10/12/2025,2,23.63,59.71,41.56,synthetic_baseline
12/8/2025,3,22.82,70.75,44.65,synthetic_baseline
6/17/2025,1,25.98,63.32,31.17,synthetic_baseline
12/7/2025,2,25.99,68.71,31.25,synthetic_baseline
5/25/2025,3,22.33,63.31,41.02,synthetic_baseline
1/18/2025,1,23.7,73.42,35.5,synthetic_baseline
5/8/2025,2,24.29,68.14,43.47,synthetic_baseline
5/5/2025,3,20.66,69.46,42.92,synthetic_baseline
5/17/2025,1,25.13,67.54,39.49,synthetic_baseline
4/24/2025,2,21.05,68.28,31.12,synthetic_baseline
5/8/2025,3,21.39,58.6,31.14,synthetic_baseline
11/1/2025,1,20.26,66.2,35.5,synthetic_baseline
7/30/2025,2,25.36,57.01,42.27,synthetic_baseline
10/29/2025,3,25.83,65.78,33.79,synthetic_baseline
10/6/2025,1,23.98,71.03,44.26,synthetic_baseline
2/20/2025,2,24.33,61.31,38.54,synthetic_baseline
7/22/2025,3,22.32,60.99,41.41,synthetic_baseline
11/25/2025,1,24.88,60.96,34.24,synthetic_baseline
5/30/2025,2,25.45,64.27,42.42,synthetic_baseline
12/19/2024,3,24.19,60.98,39.36,synthetic_baseline
5/4/2025,1,20.71,56.93,37.19,synthetic_baseline
9/23/2025,2,23.45,70.18,38.93,synthetic_baseline
1/1/2025,3,20.21,63.21,31.1,synthetic_baseline
3/19/2025,1,21.72,68.52,37.42,synthetic_baseline
5/22/2025,2,20.15,70.81,35.89,synthetic_baseline
2/9/2025,3,21.17,59.4,34.82,synthetic_baseline
4/13/2025,1,24.87,72.86,37.74,synthetic_baseline
11/14/2025,2,25.96,66.25,41.97,synthetic_baseline
5/7/2025,3,22.59,72.92,42.15,synthetic_baseline
7/12/2025,1,21.11,62.43,30.84,synthetic_baseline
9/2/2025,2,25.58,65.51,38.14,synthetic_baseline
2/19/2025,3,21.05,70.5,38.98,synthetic_baseline
7/23/2025,1,23.01,64.44,30.64,synthetic_baseline
9/14/2025,2,24.43,71.84,38.98,synthetic_baseline
5/31/2025,3,22.52,72.15,35.06,synthetic_baseline
10/13/2025,1,24.37,71.11,37.8,synthetic_baseline
12/22/2024,2,25.71,57.3,44.78,synthetic_baseline
3/25/2025,3,23.93,65.68,33.33,synthetic_baseline
7/15/2025,1,25.66,63.23,32.99,synthetic_baseline
11/4/2025,2,24.63,56.99,32.52,synthetic_baseline
11/21/2025,3,24.65,62.11,39.09,synthetic_baseline
2/18/2025,1,21.9,65.37,35.8,synthetic_baseline
11/4/2025,2,25.51,62.91,38.95,synthetic_baseline
9/24/2025,3,22.07,62.66,41.72,synthetic_baseline
5/20/2025,1,20.15,55.14,44.13,synthetic_baseline
12/9/2025,2,22.15,69.01,43.64,synthetic_baseline
1/21/2025,3,25.79,62.05,37.4,synthetic_baseline
7/29/2025,1,24.47,73.58,30.53,synthetic_baseline
3/5/2025,2,25.59,73.51,35.6,synthetic_baseline
8/18/2025,3,20.86,63.19,37.83,synthetic_baseline
6/10/2025,1,25.48,72.32,35.81,synthetic_baseline
10/18/2025,2,21.03,73.4,39.93,synthetic_baseline
2/7/2025,3,25.47,56.52,38.17,synthetic_baseline
8/19/2025,1,20.19,55.29,37.18,synthetic_baseline
4/27/2025,2,23.24,72.53,37.17,synthetic_baseline
1/8/2025,3,20.93,73.95,31.69,synthetic_baseline
8/28/2025,1,25.55,64.58,39.18,synthetic_baseline
1/8/2025,2,25.32,60.53,39.9,synthetic_baseline
8/29/2025,3,20.03,69.31,44.24,synthetic_baseline
8/29/2025,1,25.63,70.5,30.66,synthetic_baseline
3/1/2025,2,25.58,65.53,34.19,synthetic_baseline
8/1/2025,3,20.45,69.82,38.83,synthetic_baseline
4/13/2025,1,25.99,62.14,33.02,synthetic_baseline
11/11/2025,2,23.94,68.15,39.64,synthetic_baseline
2/7/2025,3,21.77,55.54,42.61,synthetic_baseline
4/12/2025,1,23.77,62.8,42.31,synthetic_baseline
9/8/2025,2,22.58,64.38,35.08,synthetic_baseline
2/16/2025,3,25.62,73.36,42.0,synthetic_baseline
12/25/2024,1,25.89,58.59,42.49,synthetic_baseline
4/27/2025,2,25.14,70.32,42.54,synthetic_baseline
7/29/2025,3,21.47,64.91,32.45,synthetic_baseline
4/3/2025,1,22.99,72.45,39.74,synthetic_baseline
10/26/2025,2,25.82,56.87,43.64,synthetic_baseline
5/10/2025,3,22.68,66.76,41.66,synthetic_baseline
6/27/2025,1,22.6,55.88,41.62,synthetic_baseline
5/11/2025,2,22.61,72.21,31.67,synthetic_baseline
8/3/2025,3,22.72,73.54,42.77,synthetic_baseline
8/29/2025,1,25.12,71.36,43.25,synthetic_baseline
11/3/2025,2,20.02,58.34,30.74,synthetic_baseline
12/11/2025,3,23.25,65.43,34.95,synthetic_baseline
7/19/2025,1,23.84,57.06,35.71,synthetic_baseline
12/13/2024,2,22.6,73.95,40.26,synthetic_baseline
5/19/2025,3,20.15,66.69,30.13,synthetic_baseline
8/26/2025,1,22.85,60.14,42.15,synthetic_baseline
4/8/2025,2,23.84,62.89,39.38,synthetic_baseline
8/3/2025,3,21.48,74.23,44.18,synthetic_baseline
5/24/2025,1,23.16,67.12,31.16,synthetic_baseline
7/16/2025,2,23.25,70.39,32.84,synthetic_baseline
10/6/2025,3,25.89,67.21,33.81,synthetic_baseline
5/22/2025,1,23.95,58.32,33.12,synthetic_baseline
1/18/2025,2,22.5,59.88,42.97,synthetic_baseline
4/15/2025,3,21.44,70.27,38.43,synthetic_baseline
3/15/2025,1,22.55,68.06,42.51,synthetic_baseline
12/26/2024,2,22.43,67.44,41.44,synthetic_baseline
10/25/2025,3,21.04,71.06,31.87,synthetic_baseline
9/22/2025,1,25.67,71.11,33.18,synthetic_baseline
5/12/2025,2,24.33,74.74,33.65,synthetic_baseline
6/28/2025,3,23.16,62.96,39.95,synthetic_baseline
8/10/2025,1,21.92,62.61,40.85,synthetic_baseline
7/18/2025,2,23.24,72.06,35.73,synthetic_baseline
6/6/2025,3,21.31,65.35,44.83,synthetic_baseline
9/4/2025,1,24.16,74.77,33.49,synthetic_baseline
8/4/2025,2,23.24,74.36,41.35,synthetic_baseline
5/5/2025,3,23.96,74.58,36.81,synthetic_baseline
11/13/2025,1,24.58,58.34,33.48,synthetic_baseline
7/14/2025,2,22.27,66.78,44.17,synthetic_baseline
4/5/2025,3,24.97,73.31,31.03,synthetic_baseline
7/10/2025,1,22.27,64.45,37.83,synthetic_baseline
7/8/2025,2,20.3,74.25,32.26,synthetic_baseline
7/28/2025,3,23.67,55.86,35.64,synthetic_baseline
12/13/2024,1,21.25,69.93,38.62,synthetic_baseline
2/25/2025,2,25.9,63.51,35.17,synthetic_baseline
2/25/2025,3,22.43,71.59,30.62,synthetic_baseline
2/13/2025,1,24.46,73.51,41.15,synthetic_baseline
11/5/2025,2,20.26,56.86,39.76,synthetic_baseline
12/1/2025,3,21.58,70.14,44.56,synthetic_baseline
6/29/2025,1,24.12,64.46,30.3,synthetic_baseline
2/6/2025,2,23.77,64.38,32.58,synthetic_baseline
11/6/2025,3,21.82,70.38,36.6,synthetic_baseline
3/26/2025,1,26.0,70.43,43.63,synthetic_baseline
1/28/2025,2,22.37,57.96,32.87,synthetic_baseline
3/27/2025,3,24.62,69.86,32.12,synthetic_baseline
7/13/2025,1,23.56,72.63,33.64,synthetic_baseline
9/21/2025,2,21.05,62.18,31.5,synthetic_baseline
5/12/2025,3,23.65,68.86,37.28,synthetic_baseline
5/3/2025,1,24.02,55.52,31.05,synthetic_baseline
4/20/2025,2,23.18,65.52,44.85,synthetic_baseline
2/9/2025,3,24.41,69.43,35.44,synthetic_baseline
11/27/2025,1,20.91,66.25,38.33,synthetic_baseline
11/30/2025,2,25.37,59.2,39.13,synthetic_baseline
8/12/2025,3,23.06,58.97,32.43,synthetic_baseline
11/17/2025,1,23.85,66.14,33.93,synthetic_baseline
7/22/2025,2,20.78,66.57,34.53,synthetic_baseline
6/9/2025,3,20.11,70.58,41.2,synthetic_baseline
6/26/2025,1,24.3,60.06,34.23,synthetic_baseline
4/7/2025,2,21.03,66.03,37.83,synthetic_baseline
10/6/2025,3,20.06,57.14,30.95,synthetic_baseline
3/17/2025,1,24.65,67.56,38.16,synthetic_baseline
7/23/2025,2,23.99,55.49,34.85,synthetic_baseline
11/14/2025,3,22.94,66.56,32.55,synthetic_baseline
2/7/2025,1,21.34,58.38,32.67,synthetic_baseline
7/21/2025,2,24.43,67.83,36.85,synthetic_baseline
11/20/2025,3,23.28,58.03,39.29,synthetic_baseline
1/31/2025,1,24.06,70.18,39.14,synthetic_baseline
11/2/2025,2,20.76,58.66,37.65,synthetic_baseline
10/10/2025,3,21.26,73.85,41.56,synthetic_baseline
4/3/2025,1,23.97,57.37,41.36,synthetic_baseline
3/27/2025,2,22.33,58.5,36.72,synthetic_baseline
3/18/2025,3,23.81,57.27,43.87,synthetic_baseline
8/7/2025,1,22.23,62.68,31.99,synthetic_baseline
2/12/2025,2,21.33,61.4,41.01,synthetic_baseline
1/14/2025,3,21.78,59.46,31.79,synthetic_baseline
2/1/2025,1,23.04,56.72,44.85,synthetic_baseline
9/18/2025,2,24.47,61.84,38.44,synthetic_baseline
8/17/2025,3,20.9,73.63,33.45,synthetic_baseline
6/1/2025,1,24.88,67.21,38.82,synthetic_baseline
10/2/2025,2,25.71,61.94,32.55,synthetic_baseline
2/7/2025,3,24.3,61.07,35.3,synthetic_baseline
10/21/2025,1,25.53,68.39,32.49,synthetic_baseline
4/6/2025,2,23.75,55.89,37.76,synthetic_baseline
2/4/2025,3,22.12,65.98,44.75,synthetic_baseline
6/29/2025,1,25.24,62.52,39.48,synthetic_baseline
4/20/2025,2,20.13,65.19,33.97,synthetic_baseline
2/5/2025,3,21.25,69.53,40.7,synthetic_baseline
8/8/2025,1,25.09,71.6,39.86,synthetic_baseline
8/26/2025,2,22.12,74.24,30.21,synthetic_baseline
3/22/2025,3,24.2,68.78,44.56,synthetic_baseline
12/24/2024,1,22.17,67.52,33.43,synthetic_baseline
1/23/2025,2,23.88,74.96,44.9,synthetic_baseline
10/5/2025,3,24.65,64.83,33.9,synthetic_baseline
4/18/2025,1,20.04,55.22,30.13,synthetic_baseline
3/4/2025,2,23.02,67.26,33.8,synthetic_baseline
5/25/2025,3,21.54,63.32,32.69,synthetic_baseline
7/16/2025,1,23.55,65.93,32.26,synthetic_baseline
11/1/2025,2,23.86,56.59,35.61,synthetic_baseline
12/4/2025,3,20.46,73.63,33.93,synthetic_baseline
4/1/2025,1,21.54,62.12,36.61,synthetic_baseline
1/28/2025,2,23.45,65.33,42.29,synthetic_baseline
3/11/2025,3,25.56,65.37,40.03,synthetic_baseline
12/28/2024,1,25.96,70.39,38.58,synthetic_baseline
2/12/2025,2,22.19,67.18,35.31,synthetic_baseline
1/10/2025,3,20.95,56.65,31.73,synthetic_baseline
5/30/2025,1,23.94,62.53,35.44,synthetic_baseline
11/7/2025,2,20.43,65.84,38.88,synthetic_baseline
8/26/2025,3,20.14,64.86,43.8,synthetic_baseline
8/27/2025,1,23.9,63.18,30.88,synthetic_baseline
12/2/2025,2,21.83,55.94,40.78,synthetic_baseline
3/1/2025,3,21.9,66.18,32.19,synthetic_baseline
11/8/2025,1,23.08,67.6,40.0,synthetic_baseline
12/14/2024,2,22.08,74.74,34.35,synthetic_baseline
11/21/2025,3,24.6,60.45,39.79,synthetic_baseline
11/7/2025,1,22.07,56.45,38.19,synthetic_baseline
12/16/2024,2,22.84,70.13,43.06,synthetic_baseline
5/27/2025,3,20.31,58.81,34.14,synthetic_baseline
4/7/2025,1,23.36,70.53,31.16,synthetic_baseline
9/11/2025,2,20.47,63.88,38.74,synthetic_baseline
9/7/2025,3,24.36,71.85,37.73,synthetic_baseline
2/5/2025,1,21.85,68.09,41.85,synthetic_baseline
12/11/2025,2,24.55,58.01,36.76,synthetic_baseline
1/30/2025,3,24.99,55.28,42.34,synthetic_baseline
12/11/2025,1,23.68,69.93,41.9,synthetic_baseline
5/23/2025,2,24.69,64.62,39.79,synthetic_baseline
7/16/2025,3,25.94,71.39,43.38,synthetic_baseline
1/13/2025,1,20.88,65.88,32.52,synthetic_baseline
1/9/2025,2,25.74,61.9,43.72,synthetic_baseline
10/9/2025,3,20.37,68.43,44.93,synthetic_baseline
4/17/2025,1,20.23,57.99,42.28,synthetic_baseline
7/24/2025,2,22.1,73.32,38.83,synthetic_baseline
9/19/2025,3,23.18,67.55,32.72,synthetic_baseline
6/1/2025,1,21.93,71.57,37.53,synthetic_baseline
12/28/2024,2,24.59,72.31,38.86,synthetic_baseline
5/28/2025,3,25.61,71.82,30.75,synthetic_baseline
5/28/2025,1,20.43,74.68,43.18,synthetic_baseline
3/20/2025,2,22.83,66.93,41.77,synthetic_baseline
3/30/2025,3,22.21,57.84,37.81,synthetic_baseline
8/14/2025,1,23.41,62.6,30.06,synthetic_baseline
3/24/2025,2,21.92,63.76,37.79,synthetic_baseline
11/1/2025,3,24.86,59.57,34.57,synthetic_baseline
9/18/2025,1,21.41,55.07,40.76,synthetic_baseline
10/25/2025,2,23.89,59.89,33.0,synthetic_baseline
3/24/2025,3,22.78,58.23,44.7,synthetic_baseline
11/27/2025,1,23.52,61.27,43.52,synthetic_baseline
9/2/2025,2,22.28,73.54,44.56,synthetic_baseline
4/7/2025,3,24.48,55.81,35.72,synthetic_baseline
5/8/2025,1,20.7,73.33,31.12,synthetic_baseline
12/26/2024,2,25.18,56.81,37.87,synthetic_baseline
6/15/2025,3,21.17,71.75,44.5,synthetic_baseline
10/7/2025,1,21.54,58.64,34.71,synthetic_baseline
1/20/2025,2,23.14,56.78,30.05,synthetic_baseline
10/6/2025,3,24.23,63.05,40.22,synthetic_baseline
5/2/2025,1,20.0,72.26,31.93,synthetic_baseline
4/11/2025,2,22.23,69.81,36.62,synthetic_baseline
12/31/2024,3,20.7,61.42,44.04,synthetic_baseline
4/30/2025,1,21.09,70.85,37.08,synthetic_baseline
4/17/2025,2,20.84,67.47,43.58,synthetic_baseline
7/13/2025,3,22.45,66.56,36.09,synthetic_baseline
2/17/2025,1,23.31,63.1,37.09,synthetic_baseline
4/16/2025,2,20.54,57.48,43.96,synthetic_baseline
9/4/2025,3,21.93,66.58,42.88,synthetic_baseline
8/28/2025,1,21.45,58.53,38.93,synthetic_baseline
11/29/2025,2,22.15,58.1,43.49,synthetic_baseline
5/6/2025,3,24.39,70.57,31.88,synthetic_baseline
7/13/2025,1,25.66,64.03,44.12,synthetic_baseline
4/16/2025,2,21.18,57.53,44.51,synthetic_baseline
10/17/2025,3,20.33,60.26,42.09,synthetic_baseline
6/12/2025,1,23.3,57.14,31.52,synthetic_baseline
10/11/2025,2,20.98,64.21,31.64,synthetic_baseline
9/19/2025,3,24.4,62.76,43.36,synthetic_baseline
4/21/2025,1,21.43,61.86,34.28,synthetic_baseline
10/5/2025,2,20.6,60.04,38.99,synthetic_baseline
1/11/2025,3,21.93,64.31,43.95,synthetic_baseline
7/7/2025,1,23.08,65.01,38.82,synthetic_baseline
6/26/2025,2,22.79,70.98,33.49,synthetic_baseline
12/5/2025,3,23.5,55.52,38.6,synthetic_baseline
4/1/2025,1,23.71,59.14,31.53,synthetic_baseline
2/27/2025,2,20.16,74.17,32.77,synthetic_baseline
3/12/2025,3,24.29,64.68,39.1,synthetic_baseline
4/13/2025,1,23.61,55.25,31.64,synthetic_baseline
4/12/2025,2,22.15,63.13,39.8,synthetic_baseline
10/17/2025,3,21.23,61.83,33.91,synthetic_baseline
2/20/2025,1,21.72,55.11,44.23,synthetic_baseline
12/8/2025,2,20.91,69.35,34.0,synthetic_baseline
11/21/2025,3,21.95,59.85,34.32,synthetic_baseline
7/29/2025,1,20.37,65.86,30.61,synthetic_baseline
9/22/2025,2,25.59,61.57,44.65,synthetic_baseline
9/6/2025,3,22.7,72.44,38.95,synthetic_baseline
5/6/2025,1,21.45,61.61,31.1,synthetic_baseline
8/15/2025,2,23.12,74.38,39.08,synthetic_baseline
7/20/2025,3,21.26,59.56,39.03,synthetic_baseline
8/7/2025,1,20.94,66.88,43.82,synthetic_baseline
3/20/2025,2,25.95,65.12,41.63,synthetic_baseline
12/11/2025,3,24.24,70.64,38.71,synthetic_baseline
1/22/2025,1,22.98,58.24,30.69,synthetic_baseline
5/18/2025,2,21.26,67.54,31.21,synthetic_baseline
2/13/2025,3,24.64,67.33,34.98,synthetic_baseline
5/3/2025,1,25.45,72.03,41.59,synthetic_baseline
9/27/2025,2,24.18,59.95,32.33,synthetic_baseline
3/30/2025,3,20.95,57.65,40.19,synthetic_baseline
2/15/2025,1,21.93,66.61,31.78,synthetic_baseline
1/28/2025,2,20.6,59.39,38.92,synthetic_baseline
10/29/2025,3,20.08,57.06,39.24,synthetic_baseline
11/30/2025,1,20.5,57.8,36.27,synthetic_baseline
12/23/2024,2,25.09,56.33,40.78,synthetic_baseline
9/2/2025,3,23.69,56.51,39.03,synthetic_baseline
11/5/2025,1,20.91,63.94,41.93,synthetic_baseline
11/9/2025,2,23.41,57.89,35.91,synthetic_baseline
7/14/2025,3,23.45,60.38,34.98,synthetic_baseline
10/15/2025,1,25.67,73.02,38.64,synthetic_baseline
7/20/2025,2,24.75,70.46,37.57,synthetic_baseline
1/16/2025,3,23.6,70.33,40.17,synthetic_baseline
4/23/2025,1,21.44,60.72,35.34,synthetic_baseline
5/24/2025,2,25.17,61.02,35.57,synthetic_baseline
10/30/2025,3,20.47,66.51,39.25,synthetic_baseline
8/17/2025,1,24.07,74.92,38.04,synthetic_baseline
10/7/2025,2,23.61,70.44,33.61,synthetic_baseline
6/4/2025,3,25.59,57.45,35.25,synthetic_baseline
3/14/2025,1,25.46,56.63,33.69,synthetic_baseline
8/2/2025,2,24.77,60.9,35.1,synthetic_baseline
4/13/2025,3,23.74,66.3,32.28,synthetic_baseline
9/2/2025,1,20.94,75.0,38.53,synthetic_baseline
6/15/2025,2,25.86,56.77,43.04,synthetic_baseline
9/22/2025,3,21.72,62.48,44.66,synthetic_baseline
2/7/2025,1,21.76,58.81,31.65,synthetic_baseline
11/20/2025,2,24.53,55.84,36.72,synthetic_baseline
8/14/2025,3,23.48,65.71,38.84,synthetic_baseline
2/20/2025,1,20.16,56.88,44.91,synthetic_baseline
2/16/2025,2,24.97,67.52,30.64,synthetic_baseline
6/21/2025,3,23.89,59.48,39.01,synthetic_baseline
9/21/2025,1,25.04,71.44,32.55,synthetic_baseline
9/22/2025,2,20.54,72.14,32.21,synthetic_baseline
1/5/2025,3,21.19,68.42,37.25,synthetic_baseline
1/22/2025,1,23.86,57.61,39.12,synthetic_baseline
8/13/2025,2,21.92,71.45,42.26,synthetic_baseline
8/23/2025,3,25.04,62.22,36.91,synthetic_baseline
7/7/2025,1,25.82,62.22,37.62,synthetic_baseline
7/11/2025,2,23.14,67.38,40.0,synthetic_baseline
1/19/2025,3,20.36,67.73,36.34,synthetic_baseline
4/5/2025,1,25.45,64.62,35.01,synthetic_baseline
8/15/2025,2,25.67,71.79,31.8,synthetic_baseline
4/30/2025,3,20.64,64.55,43.07,synthetic_baseline
11/4/2025,1,20.6,68.38,33.83,synthetic_baseline
8/22/2025,2,23.8,56.83,36.35,synthetic_baseline
3/27/2025,3,21.81,66.5,34.7,synthetic_baseline
2/12/2025,1,23.06,62.0,30.92,synthetic_baseline
2/24/2025,2,24.41,57.71,42.32,synthetic_baseline
12/30/2024,3,23.12,63.16,35.06,synthetic_baseline
5/7/2025,1,22.6,64.48,38.1,synthetic_baseline
5/18/2025,2,25.89,71.72,34.13,synthetic_baseline
11/9/2025,3,24.1,61.67,36.87,synthetic_baseline
5/24/2025,1,24.41,62.42,40.88,synthetic_baseline
11/23/2025,2,21.79,74.41,36.95,synthetic_baseline
5/7/2025,3,25.3,69.41,39.14,synthetic_baseline
7/20/2025,1,21.85,60.02,31.38,synthetic_baseline
5/15/2025,2,25.95,71.02,40.08,synthetic_baseline
9/10/2025,3,21.07,65.82,42.9,synthetic_baseline
2/1/2025,1,21.53,73.43,33.41,synthetic_baseline
8/10/2025,2,20.71,60.93,44.97,synthetic_baseline
2/23/2025,3,25.63,68.01,36.72,synthetic_baseline
6/7/2025,1,24.14,69.0,36.16,synthetic_baseline
10/2/2025,2,22.75,59.99,31.21,synthetic_baseline
12/9/2025,3,24.54,67.5,43.09,synthetic_baseline
11/4/2025,1,22.82,64.76,33.17,synthetic_baseline
4/6/2025,2,21.56,66.52,37.5,synthetic_baseline
11/13/2025,3,24.5,57.28,34.51,synthetic_baseline
9/25/2025,1,22.89,61.59,32.57,synthetic_baseline
5/18/2025,2,20.07,58.19,40.49,synthetic_baseline
5/29/2025,3,25.12,56.94,43.34,synthetic_baseline
11/11/2025,1,22.7,55.35,30.12,synthetic_baseline
3/30/2025,2,22.54,71.38,31.84,synthetic_baseline
7/26/2025,3,24.63,61.84,44.63,synthetic_baseline
7/29/2025,1,22.37,72.66,39.29,synthetic_baseline
10/13/2025,2,22.06,58.1,39.16,synthetic_baseline
1/3/2025,3,23.33,58.68,42.55,synthetic_baseline
9/30/2025,1,25.11,72.14,31.01,synthetic_baseline
8/18/2025,2,24.21,62.71,32.41,synthetic_baseline
9/19/2025,3,25.12,57.2,40.01,synthetic_baseline
8/19/2025,1,25.6,69.47,38.03,synthetic_baseline
10/23/2025,2,20.6,57.51,41.65,synthetic_baseline
7/11/2025,3,21.59,57.67,32.15,synthetic_baseline
11/6/2025,1,24.28,62.2,41.53,synthetic_baseline
5/7/2025,2,21.34,68.25,32.47,synthetic_baseline
12/5/2025,3,25.45,71.77,42.62,synthetic_baseline
11/23/2025,1,24.15,61.8,33.21,synthetic_baseline
7/17/2025,2,20.72,57.58,37.04,synthetic_baseline
5/14/2025,3,20.92,72.06,32.87,synthetic_baseline
10/30/2025,1,22.97,64.94,38.72,synthetic_baseline
12/3/2025,2,24.54,67.23,35.46,synthetic_baseline
2/25/2025,3,23.07,72.94,43.69,synthetic_baseline
5/6/2025,1,23.9,66.88,43.41,synthetic_baseline
7/7/2025,2,25.89,74.42,43.19,synthetic_baseline
1/4/2025,3,21.22,72.95,39.29,synthetic_baseline
4/18/2025,1,23.79,70.47,39.71,synthetic_baseline
1/23/2025,2,21.4,66.64,36.2,synthetic_baseline
9/9/2025,3,20.38,67.21,33.73,synthetic_baseline
3/23/2025,1,24.27,61.25,33.58,synthetic_baseline
8/29/2025,2,25.91,72.7,32.4,synthetic_baseline
7/29/2025,3,24.58,61.88,33.79,synthetic_baseline
7/22/2025,1,20.67,56.4,30.75,synthetic_baseline
2/9/2025,2,22.18,74.93,34.4,synthetic_baseline
7/5/2025,3,23.41,60.09,30.27,synthetic_baseline
10/1/2025,1,20.8,62.79,41.9,synthetic_baseline
10/5/2025,2,25.86,66.37,39.15,synthetic_baseline
12/5/2025,3,20.92,65.9,44.63,synthetic_baseline
4/23/2025,1,25.1,55.61,35.38,synthetic_baseline
3/18/2025,2,21.91,62.07,43.37,synthetic_baseline
12/8/2025,3,22.39,73.52,34.78,synthetic_baseline
12/8/2025,1,21.52,74.49,31.05,synthetic_baseline
10/15/2025,2,20.83,58.59,36.15,synthetic_baseline
10/6/2025,3,24.14,72.54,35.7,synthetic_baseline
4/6/2025,1,20.47,57.32,32.59,synthetic_baseline
10/2/2025,2,24.08,64.87,39.78,synthetic_baseline
8/12/2025,3,20.34,74.19,43.58,synthetic_baseline
4/23/2025,1,21.23,67.65,40.66,synthetic_baseline
4/15/2025,2,23.0,55.33,37.35,synthetic_baseline
12/4/2025,3,25.73,67.12,38.66,synthetic_baseline
11/19/2025,1,21.95,74.61,40.52,synthetic_baseline
10/7/2025,2,21.76,71.77,31.78,synthetic_baseline
10/18/2025,3,25.43,68.8,40.27,synthetic_baseline
9/6/2025,1,22.39,74.55,31.97,synthetic_baseline
8/10/2025,2,20.09,71.81,34.36,synthetic_baseline
2/13/2025,3,20.76,62.05,37.23,synthetic_baseline
12/29/2024,1,23.52,55.55,38.25,synthetic_baseline
3/13/2025,2,22.37,73.81,40.34,synthetic_baseline
12/18/2024,3,20.53,72.98,32.8,synthetic_baseline
3/23/2025,1,25.74,59.66,41.6,synthetic_baseline
1/3/2025,2,24.82,63.92,34.6,synthetic_baseline
10/21/2025,3,24.15,63.53,40.78,synthetic_baseline
1/27/2025,1,21.47,67.59,31.97,synthetic_baseline
3/15/2025,2,23.94,74.64,35.72,synthetic_baseline
11/19/2025,3,22.31,57.88,42.69,synthetic_baseline
3/16/2025,1,25.2,62.42,39.35,synthetic_baseline
5/15/2025,2,21.57,61.97,34.76,synthetic_baseline
10/11/2025,3,21.09,60.37,38.16,synthetic_baseline
7/23/2025,1,21.9,59.53,43.26,synthetic_baseline
2/9/2025,2,25.61,69.22,42.97,synthetic_baseline
8/15/2025,3,21.75,60.35,41.36,synthetic_baseline
3/15/2025,1,25.3,66.03,35.6,synthetic_baseline
4/4/2025,2,20.41,71.87,44.82,synthetic_baseline
3/18/2025,3,22.08,58.63,32.2,synthetic_baseline
7/23/2025,1,24.01,59.03,35.6,synthetic_baseline
3/14/2025,2,23.35,71.28,43.49,synthetic_baseline
3/12/2025,3,24.92,65.85,34.12,synthetic_baseline
4/5/2025,1,24.61,65.62,42.61,synthetic_baseline
3/18/2025,2,22.75,65.56,43.1,synthetic_baseline
6/16/2025,3,22.18,74.17,38.16,synthetic_baseline
8/25/2025,1,25.59,62.54,35.22,synthetic_baseline
11/3/2025,2,21.71,66.61,38.21,synthetic_baseline
12/13/2024,3,21.91,67.61,35.58,synthetic_baseline
12/29/2024,1,21.41,55.01,44.99,synthetic_baseline
2/13/2025,2,20.89,61.28,36.67,synthetic_baseline
9/23/2025,3,23.13,69.62,44.17,synthetic_baseline
6/6/2025,1,20.48,74.99,31.33,synthetic_baseline
10/26/2025,2,25.57,57.22,38.08,synthetic_baseline
3/6/2025,3,22.37,66.09,40.33,synthetic_baseline
8/11/2025,1,21.84,55.7,43.62,synthetic_baseline
10/2/2025,2,23.89,58.85,33.34,synthetic_baseline
5/11/2025,3,20.29,68.31,43.63,synthetic_baseline
11/16/2025,1,20.33,66.85,31.04,synthetic_baseline
2/6/2025,2,22.54,55.07,42.67,synthetic_baseline
8/25/2025,3,22.83,68.86,39.42,synthetic_baseline
8/29/2025,1,23.45,60.98,31.44,synthetic_baseline
10/9/2025,2,21.64,73.74,41.09,synthetic_baseline
8/18/2025,3,23.8,69.58,34.38,synthetic_baseline
5/26/2025,1,25.77,64.3,30.12,synthetic_baseline
12/18/2024,2,21.95,56.93,32.25,synthetic_baseline
8/17/2025,3,23.93,64.29,32.83,synthetic_baseline
6/5/2025,1,21.11,69.48,30.6,synthetic_baseline
7/27/2025,2,20.3,68.72,43.62,synthetic_baseline
12/18/2024,3,21.93,55.36,30.1,synthetic_baseline
10/22/2025,1,24.6,71.8,38.5,synthetic_baseline
5/20/2025,2,20.35,67.54,44.93,synthetic_baseline
11/16/2025,3,22.18,58.97,42.71,synthetic_baseline
8/20/2025,1,24.79,66.21,39.71,synthetic_baseline
10/10/2025,2,23.92,69.34,33.73,synthetic_baseline
5/14/2025,3,21.85,69.42,32.0,synthetic_baseline
6/4/2025,1,25.44,55.25,31.4,synthetic_baseline
6/22/2025,2,20.16,57.18,32.53,synthetic_baseline
10/4/2025,3,21.71,59.36,31.79,synthetic_baseline
3/13/2025,1,23.95,69.36,32.96,synthetic_baseline
10/3/2025,2,22.08,63.75,30.19,synthetic_baseline
5/21/2025,3,24.91,65.74,33.4,synthetic_baseline
11/15/2025,1,24.03,58.06,44.41,synthetic_baseline
9/11/2025,2,23.14,58.42,44.49,synthetic_baseline
8/28/2025,3,22.02,62.88,42.53,synthetic_baseline
1/12/2025,1,24.62,72.15,39.99,synthetic_baseline
4/4/2025,2,21.15,56.7,39.92,synthetic_baseline
8/12/2025,3,22.46,66.76,39.04,synthetic_baseline
3/12/2025,1,25.6,63.58,34.8,synthetic_baseline
9/29/2025,2,24.05,60.8,39.16,synthetic_baseline
11/24/2025,3,22.29,63.43,40.23,synthetic_baseline
11/22/2025,1,25.39,55.58,41.04,synthetic_baseline
10/20/2025,2,22.8,59.64,37.02,synthetic_baseline
7/3/2025,3,25.22,64.45,33.4,synthetic_baseline
7/3/2025,1,22.45,58.06,32.58,synthetic_baseline
6/9/2025,2,22.99,58.7,40.54,synthetic_baseline
11/13/2025,3,22.54,59.02,42.08,synthetic_baseline
6/3/2025,1,23.81,69.05,36.05,synthetic_baseline
1/30/2025,2,23.87,57.84,41.43,synthetic_baseline
6/4/2025,3,20.02,55.38,33.8,synthetic_baseline
3/3/2025,1,21.43,59.37,38.95,synthetic_baseline
8/14/2025,2,22.22,67.94,35.56,synthetic_baseline
1/28/2025,3,25.89,66.82,32.58,synthetic_baseline
5/5/2025,1,20.16,56.45,34.18,synthetic_baseline
6/6/2025,2,24.17,65.7,34.97,synthetic_baseline
11/15/2025,3,23.36,58.9,38.36,synthetic_baseline
1/21/2025,1,22.16,74.54,34.62,synthetic_baseline
5/29/2025,2,20.64,73.38,36.95,synthetic_baseline
11/25/2025,3,24.3,56.18,30.77,synthetic_baseline
10/13/2025,1,22.87,69.95,40.43,synthetic_baseline
9/13/2025,2,24.66,68.0,33.56,synthetic_baseline
11/1/2025,3,24.97,63.72,34.45,synthetic_baseline
4/14/2025,1,20.12,66.11,41.42,synthetic_baseline
7/14/2025,2,21.83,66.98,35.84,synthetic_baseline
2/6/2025,3,22.56,72.7,34.8,synthetic_baseline
2/25/2025,1,20.88,61.21,44.52,synthetic_baseline
9/6/2025,2,25.77,59.93,39.9,synthetic_baseline
3/4/2025,3,22.76,66.41,35.62,synthetic_baseline
7/6/2025,1,24.38,65.25,30.28,synthetic_baseline
10/3/2025,2,25.33,58.17,33.56,synthetic_baseline
3/19/2025,3,24.64,56.0,34.26,synthetic_baseline
12/29/2024,1,20.55,55.95,32.58,synthetic_baseline
11/13/2025,2,25.2,65.1,42.32,synthetic_baseline
5/6/2025,3,24.75,60.16,38.94,synthetic_baseline
2/9/2025,1,25.64,60.86,43.1,synthetic_baseline
9/11/2025,2,25.89,71.44,30.46,synthetic_baseline
4/19/2025,3,21.86,73.48,44.23,synthetic_baseline
12/5/2025,1,24.63,62.8,30.97,synthetic_baseline
12/4/2025,2,20.29,58.65,34.25,synthetic_baseline
6/21/2025,3,23.06,57.38,37.4,synthetic_baseline
12/1/2025,1,24.87,55.07,38.9,synthetic_baseline
11/13/2025,2,21.29,62.4,37.12,synthetic_baseline
2/11/2025,3,23.04,59.03,33.44,synthetic_baseline
3/31/2025,1,22.14,69.18,37.44,synthetic_baseline
3/15/2025,2,25.78,63.74,39.74,synthetic_baseline
12/14/2024,3,24.85,63.91,44.78,synthetic_baseline
7/9/2025,1,25.91,58.19,37.9,synthetic_baseline
10/10/2025,2,23.06,69.09,30.67,synthetic_baseline
10/9/2025,3,23.41,68.0,35.29,synthetic_baseline
11/29/2025,1,23.46,61.12,35.85,synthetic_baseline
1/30/2025,2,25.0,74.46,33.84,synthetic_baseline
1/1/2025,3,21.15,56.24,33.7,synthetic_baseline
6/30/2025,1,22.84,62.49,41.74,synthetic_baseline
9/27/2025,2,24.44,68.79,33.06,synthetic_baseline
5/13/2025,3,23.33,74.41,37.73,synthetic_baseline
11/15/2025,1,22.59,57.48,32.07,synthetic_baseline
8/5/2025,2,22.54,56.31,35.99,synthetic_baseline
7/12/2025,3,22.88,55.99,35.24,synthetic_baseline
3/30/2025,1,23.03,71.76,32.12,synthetic_baseline
6/30/2025,2,20.72,71.02,37.71,synthetic_baseline
6/27/2025,3,25.83,70.56,44.64,synthetic_baseline
5/31/2025,1,24.44,68.71,38.11,synthetic_baseline
12/17/2024,2,24.53,73.29,35.52,synthetic_baseline
12/20/2024,3,23.31,64.71,30.11,synthetic_baseline
12/6/2025,1,25.09,57.8,30.96,synthetic_baseline
9/18/2025,2,21.66,73.19,30.71,synthetic_baseline
4/5/2025,3,20.64,67.38,39.64,synthetic_baseline
7/3/2025,1,22.19,72.21,32.82,synthetic_baseline
1/2/2025,2,22.34,63.41,32.2,synthetic_baseline
7/16/2025,3,21.21,57.6,38.09,synthetic_baseline
4/26/2025,1,25.84,57.2,32.05,synthetic_baseline
8/9/2025,2,20.94,55.36,44.22,synthetic_baseline
5/29/2025,3,25.53,55.71,36.99,synthetic_baseline
7/23/2025,1,25.16,66.54,33.11,synthetic_baseline
9/11/2025,2,21.74,60.69,42.2,synthetic_baseline
4/12/2025,3,25.73,74.59,32.45,synthetic_baseline
2/15/2025,1,20.52,73.18,39.0,synthetic_baseline
3/30/2025,2,21.38,73.58,30.18,synthetic_baseline
11/10/2025,3,23.51,64.21,40.49,synthetic_baseline
9/9/2025,1,20.22,64.49,37.54,synthetic_baseline
9/8/2025,2,22.52,70.29,31.9,synthetic_baseline
12/29/2024,3,23.04,67.42,43.9,synthetic_baseline
1/8/2025,1,23.26,68.82,39.1,synthetic_baseline
9/26/2025,2,23.5,59.9,40.08,synthetic_baseline
8/14/2025,3,22.45,70.83,30.89,synthetic_baseline
9/25/2025,1,21.51,68.63,42.48,synthetic_baseline
2/11/2025,2,23.42,74.37,34.88,synthetic_baseline
4/27/2025,3,20.97,55.74,44.1,synthetic_baseline
7/11/2025,1,22.93,74.42,43.43,synthetic_baseline
1/17/2025,2,25.0,55.6,43.83,synthetic_baseline
8/9/2025,3,23.35,57.69,36.11,synthetic_baseline
9/9/2025,1,20.78,65.96,37.46,synthetic_baseline
5/26/2025,2,20.11,55.64,44.3,synthetic_baseline
9/5/2025,3,23.16,61.53,40.3,synthetic_baseline
4/2/2025,1,25.82,71.52,39.73,synthetic_baseline
3/25/2025,2,21.92,68.83,33.19,synthetic_baseline
7/5/2025,3,22.76,70.47,44.87,synthetic_baseline
3/19/2025,1,23.66,60.42,37.84,synthetic_baseline
8/8/2025,2,21.09,71.07,30.05,synthetic_baseline
6/20/2025,3,24.79,66.39,37.96,synthetic_baseline
11/1/2025,1,21.06,69.45,37.35,synthetic_baseline
4/21/2025,2,23.54,65.58,32.73,synthetic_baseline
1/1/2025,3,23.37,57.82,39.06,synthetic_baseline
4/25/2025,1,23.86,70.92,31.31,synthetic_baseline
8/12/2025,2,20.48,69.48,36.66,synthetic_baseline
9/9/2025,3,23.9,70.21,36.17,synthetic_baseline
12/18/2024,1,23.93,56.67,32.35,synthetic_baseline
8/3/2025,2,23.82,73.18,41.89,synthetic_baseline
10/1/2025,3,20.54,60.25,39.35,synthetic_baseline
10/26/2025,1,24.16,71.08,34.93,synthetic_baseline
12/17/2024,2,21.63,62.88,39.15,synthetic_baseline
4/6/2025,3,25.35,69.85,38.17,synthetic_baseline
10/13/2025,1,23.4,55.76,41.23,synthetic_baseline
9/12/2025,2,25.94,65.98,35.43,synthetic_baseline
4/6/2025,3,20.76,56.35,30.48,synthetic_baseline
10/1/2025,1,20.97,61.87,32.47,synthetic_baseline
1/12/2025,2,24.15,55.0,40.35,synthetic_baseline
9/25/2025,3,24.28,69.55,30.51,synthetic_baseline
12/3/2025,1,24.64,60.73,41.43,synthetic_baseline
11/12/2025,2,25.32,58.12,44.05,synthetic_baseline
4/19/2025,3,22.43,72.31,39.45,synthetic_baseline
10/23/2025,1,22.56,61.21,38.37,synthetic_baseline
3/10/2025,2,23.32,55.17,42.6,synthetic_baseline
6/6/2025,3,22.36,58.36,37.11,synthetic_baseline
8/26/2025,1,24.53,74.2,44.86,synthetic_baseline
11/4/2025,2,22.72,56.72,41.12,synthetic_baseline
4/1/2025,3,25.07,70.39,35.06,synthetic_baseline
2/27/2025,1,22.84,73.47,34.3,synthetic_baseline
3/17/2025,2,24.15,68.61,40.79,synthetic_baseline
6/8/2025,3,23.13,64.06,42.44,synthetic_baseline
3/10/2025,1,22.39,69.85,32.81,synthetic_baseline
3/2/2025,2,25.54,65.97,31.12,synthetic_baseline
12/6/2025,3,23.89,72.97,35.85,synthetic_baseline
7/7/2025,1,26.0,59.68,32.05,synthetic_baseline
11/25/2025,2,21.45,61.3,37.33,synthetic_baseline
10/23/2025,3,24.89,67.59,40.98,synthetic_baseline
2/10/2025,1,20.61,66.9,43.37,synthetic_baseline
3/19/2025,2,20.26,66.29,36.28,synthetic_baseline
12/9/2025,3,23.78,62.18,39.02,synthetic_baseline
12/9/2025,1,23.05,68.29,43.45,synthetic_baseline
1/6/2025,2,20.96,72.85,34.97,synthetic_baseline
6/11/2025,3,20.21,56.96,36.67,synthetic_baseline
2/16/2025,1,25.06,68.62,41.77,synthetic_baseline
5/17/2025,2,23.84,58.37,30.35,synthetic_baseline
12/5/2025,3,25.71,55.6,30.68,synthetic_baseline
10/8/2025,1,20.81,69.03,40.51,synthetic_baseline
12/20/2024,2,21.01,63.41,40.46,synthetic_baseline
6/7/2025,3,21.94,58.91,42.18,synthetic_baseline
9/5/2025,1,24.9,65.63,39.84,synthetic_baseline
4/20/2025,2,24.61,57.74,36.58,synthetic_baseline
1/25/2025,3,23.66,56.27,35.42,synthetic_baseline
7/16/2025,1,23.91,74.84,36.29,synthetic_baseline
2/25/2025,2,21.28,59.66,42.33,synthetic_baseline
3/2/2025,3,20.14,74.35,40.02,synthetic_baseline
3/2/2025,1,24.41,72.81,30.79,synthetic_baseline
3/29/2025,2,25.35,74.92,34.27,synthetic_baseline
9/1/2025,3,21.91,68.97,39.84,synthetic_baseline
12/22/2024,1,24.72,65.72,39.2,synthetic_baseline
3/16/2025,2,23.96,59.23,36.82,synthetic_baseline
2/20/2025,3,20.57,59.12,38.23,synthetic_baseline
5/31/2025,1,21.88,56.18,41.43,synthetic_baseline
8/27/2025,2,21.23,68.51,39.4,synthetic_baseline
11/4/2025,3,23.31,55.88,30.99,synthetic_baseline
8/9/2025,1,24.66,74.46,42.1,synthetic_baseline
8/13/2025,2,22.68,66.75,39.35,synthetic_baseline
11/24/2025,3,25.6,55.71,30.09,synthetic_baseline
5/30/2025,1,22.78,66.2,30.46,synthetic_baseline
12/22/2024,2,22.14,71.87,33.79,synthetic_baseline
4/24/2025,3,21.0,57.3,44.6,synthetic_baseline
2/16/2025,1,22.09,70.09,35.25,synthetic_baseline
2/22/2025,2,23.7,69.89,41.87,synthetic_baseline
2/11/2025,3,25.47,60.22,42.22,synthetic_baseline
11/15/2025,1,23.66,74.1,41.33,synthetic_baseline
2/20/2025,2,20.84,70.26,39.15,synthetic_baseline
5/12/2025,3,23.77,68.23,41.72,synthetic_baseline
5/30/2025,1,20.54,65.72,35.7,synthetic_baseline
3/29/2025,2,23.62,61.61,41.54,synthetic_baseline
10/25/2025,3,21.92,70.54,43.37,synthetic_baseline
2/5/2025,1,24.48,59.15,41.25,synthetic_baseline
8/25/2025,2,25.31,70.56,30.6,synthetic_baseline
10/23/2025,3,22.38,73.57,38.39,synthetic_baseline
1/16/2025,1,25.43,74.99,31.41,synthetic_baseline
7/23/2025,2,21.81,68.13,34.5,synthetic_baseline
6/12/2025,3,25.11,72.84,40.05,synthetic_baseline
4/3/2025,1,25.82,64.5,39.28,synthetic_baseline
4/18/2025,2,23.75,57.87,44.87,synthetic_baseline
3/13/2025,3,21.16,68.03,43.2,synthetic_baseline
4/3/2025,1,23.67,57.81,44.15,synthetic_baseline
5/15/2025,2,21.08,61.85,31.33,synthetic_baseline
10/30/2025,3,22.19,66.63,42.38,synthetic_baseline
12/18/2024,1,24.85,70.91,39.95,synthetic_baseline
10/22/2025,2,22.58,63.03,33.46,synthetic_baseline
5/20/2025,3,20.86,56.39,37.05,synthetic_baseline
11/5/2025,1,20.86,57.45,31.84,synthetic_baseline
3/9/2025,2,20.12,65.41,36.25,synthetic_baseline
10/5/2025,3,24.75,57.15,32.44,synthetic_baseline
8/27/2025,1,24.02,55.67,37.11,synthetic_baseline
3/17/2025,2,24.86,60.61,41.47,synthetic_baseline
11/8/2025,3,25.81,68.28,44.82,synthetic_baseline
3/6/2025,1,22.11,68.14,41.24,synthetic_baseline
3/17/2025,2,25.05,60.83,30.52,synthetic_baseline
6/28/2025,3,24.86,74.03,34.31,synthetic_baseline
10/5/2025,1,20.61,64.65,35.09,synthetic_baseline
12/16/2024,2,20.58,58.52,31.57,synthetic_baseline
8/23/2025,3,25.85,55.15,41.25,synthetic_baseline
4/1/2025,1,23.74,55.82,41.98,synthetic_baseline
1/20/2025,2,20.77,73.24,31.65,synthetic_baseline
8/22/2025,3,24.55,73.04,39.43,synthetic_baseline
5/20/2025,1,21.95,67.45,40.74,synthetic_baseline
12/14/2024,2,25.09,71.74,31.51,synthetic_baseline
1/28/2025,3,21.35,61.98,40.12,synthetic_baseline
9/12/2025,1,22.36,65.91,43.08,synthetic_baseline
9/23/2025,2,23.55,68.0,30.56,synthetic_baseline
11/11/2025,3,21.18,59.38,41.54,synthetic_baseline
8/1/2025,1,21.16,67.42,43.78,synthetic_baseline
4/15/2025,2,20.08,66.84,41.1,synthetic_baseline
12/6/2025,3,25.11,60.5,35.23,synthetic_baseline
3/29/2025,1,21.24,72.65,36.58,synthetic_baseline
12/11/2025,2,25.12,56.97,41.68,synthetic_baseline
3/19/2025,3,20.89,55.12,35.05,synthetic_baseline
12/31/2024,1,23.92,68.34,42.19,synthetic_baseline
9/30/2025,2,22.03,66.91,39.22,synthetic_baseline
3/3/2025,3,23.87,65.71,41.18,synthetic_baseline
6/17/2025,1,25.3,59.92,37.45,synthetic_baseline
11/12/2025,2,22.09,56.46,32.84,synthetic_baseline
2/2/2025,3,22.15,72.63,42.39,synthetic_baseline
4/13/2025,1,23.42,67.08,32.89,synthetic_baseline
3/17/2025,2,20.93,56.49,40.46,synthetic_baseline
4/12/2025,3,24.12,63.47,30.79,synthetic_baseline
9/25/2025,1,23.17,65.99,34.82,synthetic_baseline
9/16/2025,2,23.43,55.68,44.23,synthetic_baseline
1/12/2025,3,20.03,64.35,30.23,synthetic_baseline
5/23/2025,1,21.48,74.24,31.27,synthetic_baseline
3/15/2025,2,21.93,69.7,38.68,synthetic_baseline
3/11/2025,3,20.36,73.49,35.42,synthetic_baseline
3/20/2025,1,21.37,56.01,37.26,synthetic_baseline
7/18/2025,2,21.42,65.81,35.83,synthetic_baseline
4/25/2025,3,25.51,57.66,34.25,synthetic_baseline
5/11/2025,1,25.9,67.61,31.61,synthetic_baseline
5/2/2025,2,23.23,71.0,39.01,synthetic_baseline
8/4/2025,3,22.33,64.15,34.92,synthetic_baseline
1/23/2025,1,20.45,69.39,33.41,synthetic_baseline
5/2/2025,2,22.85,74.43,31.77,synthetic_baseline
1/10/2025,3,22.75,67.2,42.43,synthetic_baseline
6/24/2025,1,23.45,61.12,44.4,synthetic_baseline
7/29/2025,2,24.67,62.96,43.12,synthetic_baseline
5/10/2025,3,21.17,60.03,33.57,synthetic_baseline
9/21/2025,1,22.89,65.32,39.66,synthetic_baseline
7/2/2025,2,25.57,73.71,40.17,synthetic_baseline
9/18/2025,3,22.88,73.09,31.39,synthetic_baseline
12/12/2025,1,20.96,68.45,38.8,synthetic_baseline
2/24/2025,2,20.53,57.58,34.82,synthetic_baseline
7/1/2025,3,25.42,60.04,43.93,synthetic_baseline
7/19/2025,1,20.33,74.4,37.39,synthetic_baseline
4/9/2025,2,22.03,59.6,37.04,synthetic_baseline
4/3/2025,3,21.4,57.76,44.62,synthetic_baseline
3/24/2025,1,24.94,64.86,35.63,synthetic_baseline
9/21/2025,2,25.29,62.68,39.81,synthetic_baseline
10/24/2025,3,21.57,73.99,44.31,synthetic_baseline
1/2/2025,1,25.78,58.69,32.08,synthetic_baseline
11/13/2025,2,22.1,67.83,31.29,synthetic_baseline
10/26/2025,3,22.53,69.13,42.57,synthetic_baseline
7/3/2025,1,22.54,64.56,32.53,synthetic_baseline
12/7/2025,2,21.26,58.51,41.13,synthetic_baseline
7/29/2025,3,24.35,61.4,37.96,synthetic_baseline
5/3/2025,1,20.2,64.29,42.27,synthetic_baseline
2/14/2025,2,20.94,57.1,41.83,synthetic_baseline
12/29/2024,3,21.45,58.02,32.09,synthetic_baseline
1/27/2025,1,21.77,62.62,30.26,synthetic_baseline
6/29/2025,2,20.72,55.66,34.86,synthetic_baseline
9/1/2025,3,21.18,57.16,41.06,synthetic_baseline
10/27/2025,1,23.49,65.02,34.02,synthetic_baseline
1/10/2025,2,25.5,72.36,40.52,synthetic_baseline
5/28/2025,3,25.33,72.58,40.97,synthetic_baseline
7/24/2025,1,24.48,65.52,42.97,synthetic_baseline
